<?xml version="1.0" encoding="UTF-8" standalone="yes"?>
<addon id="repository.kodigrindhouse" version="2.0.0" name="Grindhouse Repository" provider-name="Grindhouse">
    <requires>
        <import addon="xbmc.python" version="3.0.0"/>
    </requires>
	<extension point="xbmc.addon.repository" name="Grindhouse">
		<dir>
			<info compressed="false">https://raw.githubusercontent.com/gigoplast/kodigrindhouse/main/repository.kodigrindhouse/addon.xml</info>
			<checksum>https://raw.githubusercontent.com/gigoplast/kodigrindhouse/main/repository.kodigrindhouse/addonsmd5.txt</checksum>
			<datadir zip="true">https://raw.githubusercontent.com/gigoplast/kodigrindhouse/main/repository.kodigrindhouse/zips/</datadir>
		</dir>
		<dir>
			<info compressed="false">https://raw.githubusercontent.com/totalrevolution/python-koding/master/zips/addons.xml</info>	
			<checksum>https://raw.githubusercontent.com/totalrevolution/python-koding/master/zips/addons.xml.md5</checksum>
			<datadir zip="true">https://raw.githubusercontent.com/totalrevolution/python-koding/master/zips/</datadir>
		</dir>
		<dir>
			<info compressed="false">https://raw.githubusercontent.com/teamuniversal/scrapers/master/_modules4all/zips/addons.xml</info>
			<checksum>https://raw.githubusercontent.com/teamuniversal/scrapers/master/_modules4all/zips/addons.xml.md5</checksum>
			<datadir zip="true">https://raw.githubusercontent.com/teamuniversal/scrapers/master/_modules4all/zips/</datadir>
		</dir>
		<dir>
			<info compressed="false">https://raw.githubusercontent.com/a4k-openproject/repository.openscrapers/master/zips/addons.xml</info>
			<checksum>https://raw.githubusercontent.com/a4k-openproject/repository.openscrapers/master/zips/addons.xml.md5</checksum>
			<datadir zip="true">https://raw.githubusercontent.com/a4k-openproject/repository.openscrapers/master/zips/</datadir>
		</dir>
		<dir>
			<info compressed="false">https://raw.githubusercontent.com/Gujal00/smrzips/master/addons.xml</info>
			<checksum>https://raw.githubusercontent.com/Gujal00/smrzips/master/addons.xml.md5</checksum>
			<datadir zip="true">https://raw.githubusercontent.com/Gujal00/smrzips/master/zips/</datadir>
		</dir>
	</extension>
	<extension point="xbmc.addon.metadata">
		<summary lang="en"/>
		<description lang="en">Grindhouse Revive</description>
		<genre>usa</genre>
	</extension>
</addon>
