<?xml version="1.0" encoding="UTF-8" standalone="yes"?>
<addon id="repository.kodigrindhouse" name="Grindhouse Repository" version="2.0.0" provider-name="Grindhouse">
	<extension point="xbmc.addon.repository" name="Grindhouse">
		<dir>
			<info compressed="false">https://github.com/gigoplast/kodigrindhouse/raw/main/repository.kodigrindhouse/addon.xml</info>
			<checksum>https://github.com/gigoplast/kodigrindhouse/raw/main/repository.kodigrindhouse/addons.xml.md5</checksum>
			<datadir zip="true">https://github.com/gigoplast/kodigrindhouse/raw/main/zips/</datadir>
		</dir>
		<dir>
			<info compressed="false">https://raw.githubusercontent.com/totalrevolution/python-koding/master/zips/addons.xml</info>	
			<checksum>https://raw.githubusercontent.com/totalrevolution/python-koding/master/zips/addons.xml.md5</checksum>
			<datadir zip="true">https://raw.githubusercontent.com/totalrevolution/python-koding/master/zips/</datadir>
		</dir>
		<dir>
			<info compressed="false">https://raw.githubusercontent.com/teamuniversal/scrapers/master/_modules4all/zips/addons.xml</info>
			<checksum>https://raw.githubusercontent.com/teamuniversal/scrapers/master/_modules4all/zips/addons.xml.md5</checksum>
			<datadir zip="true">https://raw.githubusercontent.com/teamuniversal/scrapers/master/_modules4all/zips/</datadir>
		</dir>
		<dir>
			<info compressed="false">https://raw.githubusercontent.com/a4k-openproject/repository.openscrapers/master/zips/addons.xml</info>
			<checksum>https://raw.githubusercontent.com/a4k-openproject/repository.openscrapers/master/zips/addons.xml.md5</checksum>
			<datadir zip="true">https://raw.githubusercontent.com/a4k-openproject/repository.openscrapers/master/zips/</datadir>
		</dir>
		<dir>
			<info compressed="false">https://raw.githubusercontent.com/Gujal00/smrzips/master/addons.xml</info>
			<checksum>https://raw.githubusercontent.com/Gujal00/smrzips/master/addons.xml.md5</checksum>
			<datadir zip="true">https://raw.githubusercontent.com/Gujal00/smrzips/master/zips/</datadir>
		</dir>
	</extension>
	<extension point="xbmc.addon.metadata">
		<summary lang="en"/>
		<description lang="en">Grindhouse Repo</description>
		<genre>usa</genre>
	</extension>
    <addon id="plugin.video.thepromise"
       name="ThePromise"
       version="22.7.31"
       provider-name="[COLORpurple]• [COLORorchid]Tech [COLORdarkorchid]E [COLORplum]Coyote [COLORpurple]•[/COLOR]">
    <requires>
        <import addon="script.thepromise.artwork" />
        <import addon="script.module.resolveurl" />
        <import addon="script.module.requests" />
        <import addon="script.module.promisescrapers" />
        <import addon="script.module.six" />
        <import addon="script.module.kodi-six" />
        <import addon="script.module.simplejson" />
        <import addon="plugin.video.usgotv" optional="true" />
        <import addon="plugin.video.swifttv" optional="true" />
        <import addon="plugin.video.taptv" optional="true" />
        <import addon="plugin.video.lntv" optional="true" />
        <import addon="plugin.video.rbtv" optional="true" />
        <import addon="plugin.video.youtube" optional="true" />
    </requires>
    <extension library="thepromise.py" point="xbmc.python.pluginsource">
        <provides>video</provides>
    </extension>
    <extension library="service.py" point="xbmc.service" start="startup" />
    <extension point="xbmc.addon.metadata">
        <reuselanguageinvoker>false</reuselanguageinvoker>
        <summary lang="en_GB">ThePromise</summary>
        <description lang="en_GB">Multi-source add-on</description>
        <platform>all</platform>
        <license>GNU GENERAL PUBLIC LICENSE. Version 3, 29 June 2007</license>
        <forum />
        <website />
        <source />
        <disclaimer lang="en_GB">The author of this add-on does not host any of the content which is found and has no affiliation with any of the content providers. This add-on simply searches websites for content. Use at your own risk![CR]This project uses the TMDb, Trakt, Fanart.tv APIs, but is not affiliated nor endorsed by any of their respective ogranisations.[CR]Please support these ogranisations however you can.</disclaimer>
        <assets>
            <icon>icon.png</icon>
            <fanart>fanart.jpg</fanart>
        </assets>
        <news>
- See Changelog on Tools menu
        </news>
    </extension>
    </addon>
    <addon id="script.module.promisescrapers"
       name="PromiseScrapers Module"
       version="22.6.30"
       provider-name="[COLORpurple]• [COLORorchid]Sh[COLORdarkorchid]in[COLORplum]ks[COLORpurple]•[/COLOR]">
    <requires>
        <import addon="xbmc.python" version="3.0.1" />
        <import addon="script.module.beautifulsoup4" />
        <import addon="script.module.requests" />
        <import addon="script.module.six" />
        <import addon="script.module.kodi-six" />
        <import addon="script.module.simplejson" />
        <import addon="script.module.orion" optional="true" />
    </requires>
    <extension point="xbmc.python.module" library="lib" />
    <extension point="xbmc.python.pluginsource" library="lib/default.py">
        <provides>executable</provides>
    </extension>
        <extension point="xbmc.addon.metadata">
            <platform>all</platform>
            <summary lang="en">PromiseScrapers Module</summary>
            <description>Scrape common video host for URL's to be playable in Kodi, simplifying addon development of video plugins requiring multi video hosts.</description>
                <disclaimer lang="en">The author is not responsible for the use of this addon. The author is not responsible for the content found using this addon. The author does not host or own any content found within this addon.[CR]The author is in no way affiliated with Kodi, Team Kodi, or the XBMC Foundation.[CR]This is a Non-profit resource, organized solely for educational purposes which is protected under the Fair-Use doctrine of the Copyright Act, Specifically section 107, which does promote freedom of expression, by permitting the unlicensed use of copyright-protected works.</disclaimer>
    <platform>all</platform>
    <license>GNU GENERAL PUBLIC LICENSE. Version 3, 29 June 2007</license>
    <assets>
        <icon>icon.png</icon>
        <fanart>fanart.jpg</fanart>
    </assets>
    <news></news>
    </extension>
    </addon>
    <addon id="script.thepromise.artwork"
       name="ThePromise Artwork"
       version="22.7.31"
       provider-name="[COLORpurple]• [COLORorchid]Tech [COLORdarkorchid]E [COLORplum]Coyote [COLORpurple]•[/COLOR]">
    <requires>
        <import addon="xbmc.python" version="3.0.1" />
    </requires>
    <extension point="xbmc.python.module" library="lib" />
    <extension point="xbmc.addon.metadata">
        <summary>ThePromise Artwork</summary>
        <description>ThePromise Artwork</description>
        <platform>all</platform>
        <assets>
            <icon>icon.png</icon>
            <fanart>fanart.jpg</fanart>
        </assets>
    </extension>
    </addon>
</addon>
